file,url,retrieved,sha256,bytes
five_blocks_header.json,https://services6.arcgis.com/yG5s3afENB5iO9fj/ArcGIS/rest/services/DTM_ETL_DAILY_view/FeatureServer/9/query?f=json&where=%28Borough%3D%273%27+AND+Block+IN+%28388%2C1306%29%29+OR+%28Borough%3D%272%27+AND+Block+IN+%282923%2C2260%29%29+OR+%28Borough%3D%274%27+AND+Block%3D9795%29&outFields=%2A&orderByFields=OBJECTID&returnGeometry=false&resultRecordCount=1000,2026-09-15,9364adb6c9aed3cf6944ca82a197742f79cb53567d96887e10a2e8e84187ce98,37910
five_blocks_lots_0.json,https://services6.arcgis.com/yG5s3afENB5iO9fj/ArcGIS/rest/services/DTM_ETL_DAILY_view/FeatureServer/15/query?f=json&where=TRANS_NUM+IN+%2828865%2C28869%2C28870%2C60541%2C64406%2C64407%2C68985%2C80174%2C84419%2C84438%2C86480%2C86487%2C86489%2C93082%2C93182%2C95101%2C95423%2C161321%2C237340%2C303740%2C426141%2C474542%2C559345%2C672547%2C673345%29&outFields=%2A&orderByFields=OBJECTID&returnGeometry=false&resultRecordCount=1000&resultOffset=0,2026-09-15,908c599e512ee075cce43058b848d23095ca8d5c27f69e2f122e83cbfc81f2a0,12317
five_blocks_lots_count.json,https://services6.arcgis.com/yG5s3afENB5iO9fj/ArcGIS/rest/services/DTM_ETL_DAILY_view/FeatureServer/15/query?f=json&where=TRANS_NUM+IN+%2828865%2C28869%2C28870%2C60541%2C64406%2C64407%2C68985%2C80174%2C84419%2C84438%2C86480%2C86487%2C86489%2C93082%2C93182%2C95101%2C95423%2C161321%2C237340%2C303740%2C426141%2C474542%2C559345%2C672547%2C673345%29&returnCountOnly=true,2026-09-15,b0c9138965d8d7aa07008fa36b756ee248f740eb65d62c3ae87d820683b32fc1,14
five_blocks_condos_0.json,https://services6.arcgis.com/yG5s3afENB5iO9fj/ArcGIS/rest/services/DTM_ETL_DAILY_view/FeatureServer/13/query?f=json&where=TRANS_NUM+IN+%2828865%2C28869%2C28870%2C60541%2C64406%2C64407%2C68985%2C80174%2C84419%2C84438%2C86480%2C86487%2C86489%2C93082%2C93182%2C95101%2C95423%2C161321%2C237340%2C303740%2C426141%2C474542%2C559345%2C672547%2C673345%29&outFields=%2A&orderByFields=OBJECTID&returnGeometry=false&resultRecordCount=1000&resultOffset=0,2026-09-15,f8ef456b51147fd8188504c3334f68be4e129d79b2ffdbad884550d43eee9203,4076
five_blocks_condos_count.json,https://services6.arcgis.com/yG5s3afENB5iO9fj/ArcGIS/rest/services/DTM_ETL_DAILY_view/FeatureServer/13/query?f=json&where=TRANS_NUM+IN+%2828865%2C28869%2C28870%2C60541%2C64406%2C64407%2C68985%2C80174%2C84419%2C84438%2C86480%2C86487%2C86489%2C93082%2C93182%2C95101%2C95423%2C161321%2C237340%2C303740%2C426141%2C474542%2C559345%2C672547%2C673345%29&returnCountOnly=true,2026-09-15,740d9faf834012f8f6894191993ef5d410bc89b264a6b7736f6f2bd437bc8c49,14
five_blocks_condo_units_0.json,https://services6.arcgis.com/yG5s3afENB5iO9fj/ArcGIS/rest/services/DTM_ETL_DAILY_view/FeatureServer/14/query?f=json&where=TRANS_NUM+IN+%2828865%2C28869%2C28870%2C60541%2C64406%2C64407%2C68985%2C80174%2C84419%2C84438%2C86480%2C86487%2C86489%2C93082%2C93182%2C95101%2C95423%2C161321%2C237340%2C303740%2C426141%2C474542%2C559345%2C672547%2C673345%29&outFields=%2A&orderByFields=OBJECTID&returnGeometry=false&resultRecordCount=1000&resultOffset=0,2026-09-15,92f2e47c0240c920923ad9388a4244c14b35c482cfb677ad6752ea5362693701,5641
five_blocks_condo_units_count.json,https://services6.arcgis.com/yG5s3afENB5iO9fj/ArcGIS/rest/services/DTM_ETL_DAILY_view/FeatureServer/14/query?f=json&where=TRANS_NUM+IN+%2828865%2C28869%2C28870%2C60541%2C64406%2C64407%2C68985%2C80174%2C84419%2C84438%2C86480%2C86487%2C86489%2C93082%2C93182%2C95101%2C95423%2C161321%2C237340%2C303740%2C426141%2C474542%2C559345%2C672547%2C673345%29&returnCountOnly=true,2026-09-15,bbda5ea6268e68cc82d395bf9ee9b26e99f09ea1166a6281b09a73ec9f4af55b,14
five_blocks_blocks_0.json,https://services6.arcgis.com/yG5s3afENB5iO9fj/ArcGIS/rest/services/DTM_ETL_DAILY_view/FeatureServer/11/query?f=json&where=TRANS_NUM+IN+%2828865%2C28869%2C28870%2C60541%2C64406%2C64407%2C68985%2C80174%2C84419%2C84438%2C86480%2C86487%2C86489%2C93082%2C93182%2C95101%2C95423%2C161321%2C237340%2C303740%2C426141%2C474542%2C559345%2C672547%2C673345%29&outFields=%2A&orderByFields=OBJECTID&returnGeometry=false&resultRecordCount=1000&resultOffset=0,2026-09-15,1fc423ae159c0a6192968e2e21dcdcc14f433100443c8a90144534292b03c808,131
five_blocks_blocks_count.json,https://services6.arcgis.com/yG5s3afENB5iO9fj/ArcGIS/rest/services/DTM_ETL_DAILY_view/FeatureServer/11/query?f=json&where=TRANS_NUM+IN+%2828865%2C28869%2C28870%2C60541%2C64406%2C64407%2C68985%2C80174%2C84419%2C84438%2C86480%2C86487%2C86489%2C93082%2C93182%2C95101%2C95423%2C161321%2C237340%2C303740%2C426141%2C474542%2C559345%2C672547%2C673345%29&returnCountOnly=true,2026-09-15,7886222597aa503c7fcb97ba200bf66c918aaf8bb08b6c702386457d30bdf0d7,13
five_blocks_boundaries_0.json,https://services6.arcgis.com/yG5s3afENB5iO9fj/ArcGIS/rest/services/DTM_ETL_DAILY_view/FeatureServer/12/query?f=json&where=TRANS_NUM+IN+%2828865%2C28869%2C28870%2C60541%2C64406%2C64407%2C68985%2C80174%2C84419%2C84438%2C86480%2C86487%2C86489%2C93082%2C93182%2C95101%2C95423%2C161321%2C237340%2C303740%2C426141%2C474542%2C559345%2C672547%2C673345%29&outFields=%2A&orderByFields=OBJECTID&returnGeometry=false&resultRecordCount=1000&resultOffset=0,2026-09-15,41229d7a51a8e2445f2df9257b4b6ecdea0ebe3a6bbacc6489d9726d04d6a01f,2287
five_blocks_boundaries_count.json,https://services6.arcgis.com/yG5s3afENB5iO9fj/ArcGIS/rest/services/DTM_ETL_DAILY_view/FeatureServer/12/query?f=json&where=TRANS_NUM+IN+%2828865%2C28869%2C28870%2C60541%2C64406%2C64407%2C68985%2C80174%2C84419%2C84438%2C86480%2C86487%2C86489%2C93082%2C93182%2C95101%2C95423%2C161321%2C237340%2C303740%2C426141%2C474542%2C559345%2C672547%2C673345%29&returnCountOnly=true,2026-09-15,c52d927fffb7f9c8f0623de618a2ee1a263b00ce9770064d6ef993ac5d093b57,13
five_blocks_map_library.json,https://services6.arcgis.com/yG5s3afENB5iO9fj/ArcGIS/rest/services/DTM_ETL_DAILY_view/FeatureServer/8/query?f=json&where=%28Borough%3D%273%27+AND+Block+IN+%28388%2C1306%29%29+OR+%28Borough%3D%272%27+AND+Block+IN+%282923%2C2260%29%29+OR+%28Borough%3D%274%27+AND+Block%3D9795%29&outFields=%2A&orderByFields=OBJECTID&returnGeometry=false&resultRecordCount=1000,2026-09-15,09b1383a0225c8171a231792468a52f7622694e3f6f60fc3fd45edd69ded9259,37900
citywide_header_count.json,https://services6.arcgis.com/yG5s3afENB5iO9fj/ArcGIS/rest/services/DTM_ETL_DAILY_view/FeatureServer/9/query?f=json&where=1%3D1&returnCountOnly=true,2026-09-15,077724bfbdca6d1d6d453cbb6aecc5af893569cd08b0e814ad91987248c11f4a,17
citywide_lots_count.json,https://services6.arcgis.com/yG5s3afENB5iO9fj/ArcGIS/rest/services/DTM_ETL_DAILY_view/FeatureServer/15/query?f=json&where=1%3D1&returnCountOnly=true,2026-09-15,8e8b3219cbb1e8c58d98da90129032e280060a64da84dd8ce2833ce1ba4b5054,17
citywide_condos_count.json,https://services6.arcgis.com/yG5s3afENB5iO9fj/ArcGIS/rest/services/DTM_ETL_DAILY_view/FeatureServer/13/query?f=json&where=1%3D1&returnCountOnly=true,2026-09-15,9668985aa896df5885b4135465574878f625f16c55d94b25bdb09ffbdf71491a,17
citywide_condo_units_count.json,https://services6.arcgis.com/yG5s3afENB5iO9fj/ArcGIS/rest/services/DTM_ETL_DAILY_view/FeatureServer/14/query?f=json&where=1%3D1&returnCountOnly=true,2026-09-15,245227e159a0423bfaec166ba923fadbc37e1aee9b70e2edf52e318929e399c0,18
citywide_maps_count.json,https://services6.arcgis.com/yG5s3afENB5iO9fj/ArcGIS/rest/services/DTM_ETL_DAILY_view/FeatureServer/8/query?f=json&where=1%3D1&returnCountOnly=true,2026-09-15,639acd9e29d98d7e0b026401b0a66db0d68b5fed0a9ebdcd34105c82daf61786,17
citywide_history_dates.json,https://services6.arcgis.com/yG5s3afENB5iO9fj/ArcGIS/rest/services/DTM_ETL_DAILY_view/FeatureServer/9/query?f=json&where=1%3D1&outStatistics=%5B%7B%22statisticType%22%3A+%22min%22%2C+%22onStatisticField%22%3A+%22Change_Date_N%22%2C+%22outStatisticFieldName%22%3A+%22first_date%22%7D%2C+%7B%22statisticType%22%3A+%22max%22%2C+%22onStatisticField%22%3A+%22Change_Date_N%22%2C+%22outStatisticFieldName%22%3A+%22last_date%22%7D%2C+%7B%22statisticType%22%3A+%22count%22%2C+%22onStatisticField%22%3A+%22OBJECTID%22%2C+%22outStatisticFieldName%22%3A+%22rows%22%7D%5D,2026-09-15,d075383f501f71ebdace38350dca70b5e9b168529ecae1150edd08d9ccabcc44,624
service.json,https://services6.arcgis.com/yG5s3afENB5iO9fj/ArcGIS/rest/services/DTM_ETL_DAILY_view/FeatureServer?f=pjson,2026-09-15,c9c9d96a74ce26784a5cb56027d49a791e4b4e109bc52ded7804289f2f7c2262,8129
layer_0.json,https://services6.arcgis.com/yG5s3afENB5iO9fj/ArcGIS/rest/services/DTM_ETL_DAILY_view/FeatureServer/0?f=pjson,2026-09-15,2ae5abd42aa9a391f408e6e436986d0177087efe128e7226dae73c095d0353b7,17012
layer_8.json,https://services6.arcgis.com/yG5s3afENB5iO9fj/ArcGIS/rest/services/DTM_ETL_DAILY_view/FeatureServer/8?f=pjson,2026-09-15,1a2fe4f9dc9f68d87a88930aa8eaf6b67e6411459afa7d73109dcd7ff36254ad,10073
layer_9.json,https://services6.arcgis.com/yG5s3afENB5iO9fj/ArcGIS/rest/services/DTM_ETL_DAILY_view/FeatureServer/9?f=pjson,2026-09-15,0b019bd0a3694f79dde2ad8ab9b5271c004f8ea72bd480f0db9c683431274bcf,12039
layer_11.json,https://services6.arcgis.com/yG5s3afENB5iO9fj/ArcGIS/rest/services/DTM_ETL_DAILY_view/FeatureServer/11?f=pjson,2026-09-15,789056d8bb5eafa04b77a46782a3144d148c654bb11f15ffca70d7be5322b48f,8984
layer_12.json,https://services6.arcgis.com/yG5s3afENB5iO9fj/ArcGIS/rest/services/DTM_ETL_DAILY_view/FeatureServer/12?f=pjson,2026-09-15,15ade9decc1994bd52a21f96e76328c4f6bebc890cb95ec7e95a3bcf83a5eaba,10148
layer_13.json,https://services6.arcgis.com/yG5s3afENB5iO9fj/ArcGIS/rest/services/DTM_ETL_DAILY_view/FeatureServer/13?f=pjson,2026-09-15,8113e3705931dd8631a1ff78481a5478a926a1de7c690015a6beb9317c85628f,9833
layer_14.json,https://services6.arcgis.com/yG5s3afENB5iO9fj/ArcGIS/rest/services/DTM_ETL_DAILY_view/FeatureServer/14?f=pjson,2026-09-15,5d01f0fb66595015cc0fafb8e89c0e357ef6196938ce39cefa0d593dbed9e193,10111
layer_15.json,https://services6.arcgis.com/yG5s3afENB5iO9fj/ArcGIS/rest/services/DTM_ETL_DAILY_view/FeatureServer/15?f=pjson,2026-09-15,1fc7609231446ee9546f7c10a39c0cf1f573cb491210eeca993ddc9e81d2cc32,9517
five_blocks_lots_direct.json,https://services6.arcgis.com/yG5s3afENB5iO9fj/ArcGIS/rest/services/DTM_ETL_DAILY_view/FeatureServer/15/query?f=json&where=%28Borough%3D%273%27+AND+Block+IN+%28388%2C1306%29%29+OR+%28Borough%3D%272%27+AND+Block+IN+%282923%2C2260%29%29+OR+%28Borough%3D%274%27+AND+Block%3D9795%29&outFields=%2A&orderByFields=OBJECTID&returnGeometry=false&resultRecordCount=1000,2026-09-15,dbe7fd3f24dccb3e2a952ead0167c113de9d577741cf5437c339b502dff57a9a,10611
header_page_0.json,https://services6.arcgis.com/yG5s3afENB5iO9fj/ArcGIS/rest/services/DTM_ETL_DAILY_view/FeatureServer/9/query?f=json&where=%28Borough%3D%273%27+AND+Block+IN+%28388%2C1306%29%29+OR+%28Borough%3D%272%27+AND+Block+IN+%282923%2C2260%29%29+OR+%28Borough%3D%274%27+AND+Block%3D9795%29&outFields=%2A&orderByFields=OBJECTID&returnGeometry=false&resultRecordCount=7&resultOffset=0,2026-09-15,032724b1fcc1e3134c39f26f32a0f2e838013e6a2586d78fa1c27fb4aa2e0df9,6491
header_page_7.json,https://services6.arcgis.com/yG5s3afENB5iO9fj/ArcGIS/rest/services/DTM_ETL_DAILY_view/FeatureServer/9/query?f=json&where=%28Borough%3D%273%27+AND+Block+IN+%28388%2C1306%29%29+OR+%28Borough%3D%272%27+AND+Block+IN+%282923%2C2260%29%29+OR+%28Borough%3D%274%27+AND+Block%3D9795%29&outFields=%2A&orderByFields=OBJECTID&returnGeometry=false&resultRecordCount=7&resultOffset=7,2026-09-15,3e415edef6a69935733dc0f44bb27a2d5e13cd98c562e37cc100b640445e1630,6637
five_blocks_current_lots.json,https://services6.arcgis.com/yG5s3afENB5iO9fj/ArcGIS/rest/services/DTM_ETL_DAILY_view/FeatureServer/0/query?f=json&where=%28BORO%3D%273%27+AND+Block+IN+%28388%2C1306%29%29+OR+%28BORO%3D%272%27+AND+Block+IN+%282923%2C2260%29%29+OR+%28BORO%3D%274%27+AND+Block%3D9795%29&outFields=%2A&orderByFields=OBJECTID&returnGeometry=false&resultRecordCount=1000,2026-09-15,23d5a88f42bcf3911192acce49409606db0be72b4fac4c149a6b8ed209639ffa,42555
citywide_header_types.json,https://services6.arcgis.com/yG5s3afENB5iO9fj/ArcGIS/rest/services/DTM_ETL_DAILY_view/FeatureServer/9/query?f=json&where=1%3D1&outStatistics=%5B%7B%22statisticType%22%3A+%22count%22%2C+%22onStatisticField%22%3A+%22OBJECTID%22%2C+%22outStatisticFieldName%22%3A+%22rows%22%7D%5D&groupByFieldsForStatistics=Change_Type,2026-09-15,710e8940970793cf8212d15a70a031a37018edf55413a7290d9c536736d6ef5e,1483
citywide_lot_actions.json,https://services6.arcgis.com/yG5s3afENB5iO9fj/ArcGIS/rest/services/DTM_ETL_DAILY_view/FeatureServer/15/query?f=json&where=1%3D1&outStatistics=%5B%7B%22statisticType%22%3A+%22count%22%2C+%22onStatisticField%22%3A+%22OBJECTID%22%2C+%22outStatisticFieldName%22%3A+%22rows%22%7D%5D&groupByFieldsForStatistics=Lot_Action,2026-09-15,27d0e3f1086e7ff484cc118821b14928afdc90d1795f42cdba38d4506b333758,901
../../output/dof_map_30038820081209190408.pdf,https://propertyinformationportal.nyc.gov/pdf/home/index/map_library/30038820081209190408,2026-09-15,3d0158e5844bd190f83e7903519411e87f8adfa70ad92a83d24cdc8293421ed2,145040
../../output/dof_map_30038820250507120341.pdf,https://propertyinformationportal.nyc.gov/pdf/home/index/map_library/30038820250507120341,2026-09-15,8852c2cdd17faac0164c0b5eb7fb434fa0b32911f287da21e8facb6fdebd9a29,1750609
../../output/dof_map_20292320180305155223.pdf,https://propertyinformationportal.nyc.gov/pdf/home/index/map_library/20292320180305155223,2026-09-15,c5e2c2f89ef5d89aa0ce4c55be9101edc6c9a4b18f54f7d0b751346ad94e6357,169099
../../output/dof_map_20292320251218115532.pdf,https://propertyinformationportal.nyc.gov/pdf/home/index/map_library/20292320251218115532,2026-09-15,6a50196b33b0c8b948aea58e7fcd563bb224aa7b4ac2e5ed66471de0521b0d9a,1296528
../../output/dof_map_40979520220318112746.pdf,https://propertyinformationportal.nyc.gov/pdf/home/index/map_library/40979520220318112746,2026-09-15,e00fe6e1fa90b728fcb7df610783304fe7c3b8836d02576738f03997507e19cd,172621
../../output/dof_map_40979520240829152708.pdf,https://propertyinformationportal.nyc.gov/pdf/home/index/map_library/40979520240829152708,2026-09-15,8317837f118bdd564cd270adf26f66c8b740fc510895d7c03c18aabda91fdf4e,1654266
../../output/dof_map_40979520251022115112.pdf,https://propertyinformationportal.nyc.gov/pdf/home/index/map_library/40979520251022115112,2026-09-15,e071bdf01b6fa1258f3c1c08c940f5bcddcd4d886b9dccbf2a9d1f145bed5901,1546112
../../output/dof_map_30130620250213163928.pdf,https://propertyinformationportal.nyc.gov/pdf/home/index/map_library/30130620250213163928,2026-09-15,b02b75f1f2d9968472f7e722f91c6e4d9f904663d644825febc98fae151b74ab,1355880
../../output/dof_map_20226020220217165801.pdf,https://propertyinformationportal.nyc.gov/pdf/home/index/map_library/20226020220217165801,2026-09-15,fd74ee529fa4be661d6c130704e16d112eaa35f0bc1b7ddb55fdb9bc1460f6d9,319896
../../output/dof_inset_20292320180305155223_1.pdf,https://propertyinformationportal.nyc.gov/pdf/home/index/map_inset/20292320180305155223_1,2026-09-15,28f876ca140587f26efcc59134859de0c7fdc1ca41082e9068be03f2cf7cd525,161770
../../output/dof_inset_20292320180305155223_2.pdf,https://propertyinformationportal.nyc.gov/pdf/home/index/map_inset/20292320180305155223_2,2026-09-15,41732e40c01ff74d44d8967cbf031c35ae0c7449d92f4fd211550232b679f4a0,165518
tracker_dashboard.json,https://www.arcgis.com/sharing/rest/content/items/4c90c216b3064767805833ff147a7e2a/data?f=pjson,2026-09-15,a5c9b439db96d81067139c32c5fc4c5c69b8c81ce72689aab59a3ee26993fd82,49926
tracker_webmap.json,https://www.arcgis.com/sharing/rest/content/items/67a48fd2b9734d5ca1d35c91a091729c/data?f=pjson,2026-09-15,dedc32bef099ba97fd2237ba535ffeadd1859cef8fa64157303269900b290151,85139
tracker_schema.json,https://services3.arcgis.com/aD88pT4hjL80xq0F/arcgis/rest/services/TMU_Application_Points_Public/FeatureServer/3?f=pjson,2026-09-15,7d89431746af7e168820610d40bf56a23f5d8191be85b37394a89788fb237667,33760
tracker_five_blocks.json,https://services3.arcgis.com/aD88pT4hjL80xq0F/arcgis/rest/services/TMU_Application_Points_Public/FeatureServer/3/query?f=json&where=%28Borough_Block_Lot%3E%3D3003880000+AND+Borough_Block_Lot%3C3003890000%29+OR+%28Borough_Block_Lot%3E%3D3013060000+AND+Borough_Block_Lot%3C3013070000%29+OR+%28Borough_Block_Lot%3E%3D2029230000+AND+Borough_Block_Lot%3C2029240000%29+OR+%28Borough_Block_Lot%3E%3D2022600000+AND+Borough_Block_Lot%3C2022610000%29+OR+%28Borough_Block_Lot%3E%3D4097950000+AND+Borough_Block_Lot%3C4097960000%29&outFields=OBJECTID%2CID%2CBorough_Block_Lot%2CMultiple_BBLs%2CDate_Received%2CApplication_Type%2CAccepted%2CAccepted_Date%2CCompleted%2CCompleted_Date%2CStatus%2CNumber_Of_Lots_Requested%2CCondo_Number%2CAbandon_Application%2CAbandoned_Application%2CModified&returnGeometry=false&orderByFields=OBJECTID&resultRecordCount=1000,2026-09-15,e3c1bf05c985449f9fa6d4a1f90109bc4923e82d58aaf3baf3593aed58fa603b,7000
opendata_metadata.json,https://data.cityofnewyork.us/api/views/i38t-6if2.json,2026-09-15,8cb74fea019489f7bcd4443e5f1b2ec8ab6f28d0c3bfbaebf5b3d063c05bc46b,23247
data_dictionary.xlsx,https://data.cityofnewyork.us/api/views/i38t-6if2/files/e044ecb0-689c-498c-a7de-432a54cb8c9a?download=true&filename=DOF-DigitalTaxMap-Relational-Data-Dictionary.xlsx,2026-09-15,755052b7a3d8ed7e5c8da15043205b51889e8b345f70775ef1de676c565945f1,615183
